[
	{
		"name": "facebook",
		"url": "https://www.facebook.com/aplaproject/",
		"icon": "fa-facebook"
	},
	{
		"name": "twitter",
		"url": "https://twitter.com/@aplaproject",
		"icon": "fa-twitter"
	},
	{	
		"name": "blog",
		"url": "https://blog.apla.io/",
		"icon": "fa-medium"
	},
	{
		"name": "telegram",
		"url": "http://telegram.me/eGaaS",
		"icon": "fa-paper-plane"
	},
	{
		"name": "github",
		"url": "https://github.com/AplaProject/go-apla/",
		"icon": "fa-github"
	},
	{
		"name": "slack",
		"url": "https://slack.apla.io/",
		"icon": "fa-slack"
	},
	{
		"name": "youtube",
		"url": "https://www.youtube.com/channel/UCLAccwf_YvWGnxSIVgGtl7g",
		"icon": "fa-youtube"
	},
	{
		"name": "linkedin",
		"url": "https://www.linkedin.com/company/apla-blockchain/",
		"icon": "fa-linkedin"
	}
]